﻿Name,Price
"Apple iPhone X (Silver, 64 GB)","₹69,999"
"Apple iPhone XR (Black, 64 GB)","₹59,900"
"Apple iPhone 6s (Space Grey, 32 GB)","₹29,799"
"Apple iPhone XR (White, 64 GB)","₹59,900"
"Apple iPhone 6s (Rose Gold, 32 GB)","₹29,799"
"Apple iPhone XR (Black, 128 GB)","₹64,900"
"Apple iPhone XR (White, 128 GB)","₹64,900"
"Apple iPhone 6s (Gold, 32 GB)","₹29,799"
"Apple iPhone XR (Blue, 64 GB)","₹59,900"
"Apple iPhone XR (Coral, 64 GB)","₹59,900"
"Apple iPhone 6s (Silver, 32 GB)","₹29,799"
"Apple iPhone XR (Coral, 128 GB)","₹64,900"
"Apple iPhone 7 (Rose Gold, 128 GB)","₹48,999"
"Apple iPhone 6s Plus (Space Grey, 32 GB)","₹33,504"
"Apple iPhone 6 (Space Grey, 32 GB)","₹26,799"
"Apple iPhone 6s Plus (Gold, 32 GB)","₹37,999"
"Apple iPhone 7 (Silver, 32 GB)",
"Apple iPhone 7 Plus (Jet Black, 32 GB)","₹49,999"
"Apple iPhone 8 (Space Grey, 64 GB)","₹58,999"
"Apple iPhone SE (Rose Gold, 128 GB)","₹31,999"
"Apple iPhone 8 (Silver, 256 GB)","₹68,999"
"Apple iPhone 8 Plus (Space Grey, 64 GB)","₹68,999"
"Apple iPhone 6s Plus (Silver, 16 GB)","₹39,990"
"Apple iPhone 7 Plus (Gold, 128 GB)","₹59,900"
"Apple iPhone 6s Plus (Silver, 16 GB)","₹39,990"
"Apple iPhone 7 Plus (Gold, 128 GB)","₹59,900"
"Apple iPhone 8 Plus (Silver, 256 GB)","₹79,999"
"Apple iPhone 8 (Space Grey, 256 GB)","₹68,999"
"Apple iPhone XS (Space Grey, 512 GB)","₹1,34,900"
"Apple iPhone 8 Plus (Gold, 256 GB)","₹79,999"
"Apple iPhone XR ((PRODUCT)RED, 128 GB)","₹64,900"
"Apple iPhone 8 Plus (PRODUCT)RED (Red, 256 GB)","₹79,999"
"Apple iPhone 7 (Silver, 256 GB)","₹58,490"
"Apple iPhone 8 (Gold, 64 GB)","₹58,999"
"Apple iPhone 7 (Rose Gold, 32 GB)","₹38,999"
"Apple iPhone 8 (PRODUCT)RED (Red, 64 GB)","₹58,999"
"Apple iPhone 8 Plus (Silver, 64 GB)","₹68,999"
"Apple iPhone 8 Plus (PRODUCT)RED (Red, 64 GB)","₹68,999"
"Apple iPhone 7 (Gold, 32 GB)","₹38,999"
"Apple iPhone SE (Gold, 32 GB)","₹25,999"
"Apple iPhone 7 Plus (Silver, 256 GB)","₹64,900"
"Apple iPhone 7 Plus (Black, 128 GB)","₹59,030"
"Apple iPhone XR (Yellow, 64 GB)","₹61,499"
"Apple iPhone 7 (Silver, 128 GB)","₹48,999"
"Apple iPhone X (Silver, 256 GB)","₹82,800"
"Apple iPhone 7 Plus (Rose Gold, 256 GB)","₹64,900"
"Apple iPhone X (Space Gray, 256 GB)","₹82,940"
"Apple iPhone XR (Blue, 128 GB)","₹64,790"
"Apple iPhone 7 Plus (Red, 128 GB)","₹59,980"
"Apple iPhone 7 Plus (Rose Gold, 128 GB)","₹61,890"
"Apple iPhone XR (Yellow, 128 GB)","₹79,900"
"Apple iPhone 7 Plus (Silver, 32 GB)","₹47,030"
"Apple iPhone X (Space Gray, 64 GB)","₹69,999"
"Apple iPhone 7 (Black, 32 GB)","₹38,999"
"Apple iPhone 7 Plus (Gold, 32 GB)","₹48,999"
"Apple iPhone 7 Plus (Black, 32 GB)","₹48,999"
"Apple iPhone 6 (Gold, 32 GB)","₹25,499"
"Apple iPhone XS (Gold, 256 GB)","₹1,14,900"
"Apple iPhone 7 (Gold, 128 GB)","₹48,999"
"Apple iPhone 7 Plus (Rose Gold, 32 GB)","₹47,030"
"Apple iPhone XS (Gold, 64 GB)","₹99,900"
"Apple iPhone 8 (PRODUCT)RED (Red, 256 GB)","₹68,999"
"Apple iPhone XS Max (Space Grey, 64 GB)","₹1,09,900"
"Apple iPhone 8 Plus (Gold, 64 GB)","₹68,999"
"Apple iPhone XS Max (Silver, 256 GB)","₹1,24,900"
"Apple iPhone XS Max (Gold, 64 GB)","₹1,09,900"
"Apple iPhone XS (Space Grey, 256 GB)","₹1,14,900"
"Apple iPhone XS (Space Grey, 64 GB)","₹99,900"
"Apple iPhone XS (Silver, 256 GB)","₹1,14,900"
"Apple iPhone XS (Silver, 64 GB)","₹99,900"
"Apple iPhone XS Max (Gold, 256 GB)","₹1,24,900"
"Apple iPhone 8 (Gold, 256 GB)","₹68,999"
"Apple iPhone 8 (Silver, 64 GB)","₹58,999"
"Apple iPhone 6s Plus (Space Grey, 16 GB)","₹39,990"
"Apple iPhone 8 Plus (Space Grey, 256 GB)","₹79,999"
"Apple iPhone 7 Plus (Jet Black, 256 GB)","₹69,990"
"Apple iPhone 7 (Rose Gold, 256 GB)","₹57,990"
"Apple iPhone XS Max (Silver, 64 GB)","₹1,09,900"
"Apple iPhone 7 (PRODUCT) (Red, 256 GB)","₹58,990"
"Apple iPhone 7 Plus (Gold, 256 GB)","₹69,990"
"Apple iPhone 7 (Jet Black, 128 GB)","₹52,999"
"Apple iPhone XS Max (Space Grey, 256 GB)","₹1,24,900"
"Apple iPhone 7 (Black, 128 GB)","₹56,000"
"Apple iPhone 7 (Black, 256 GB)","₹63,999"
"Apple iPhone 7 (Jet Black, 256 GB)","₹63,999"
"Apple iPhone XS Max (Silver, 512 GB)","₹1,32,000"
"Apple iPhone XS Max (Space Grey, 512 GB)","₹1,30,000"
"Apple iPhone XS (Gold, 512 GB)","₹1,29,000"
"Apple iPhone 6s Plus (Rose Gold, 32 GB)","₹33,999"
"Apple iPhone SE (Silver, 128 GB)","₹28,490"
"Apple iPhone SE (Space Grey, 32 GB)","₹17,999"
"Apple iPhone SE (Silver, 32 GB)","₹17,999"
"Apple iPhone SE (Rose Gold, 32 GB)","₹16,999"
"Apple iPhone 7 Plus (Jet Black, 128 GB)","₹59,900"
"Apple iPhone 7 (Gold, 256 GB)","₹63,999"
"Apple iPhone XR (Blue, 256 GB)","₹74,900"
"Apple iPhone XR (White, 256 GB)","₹74,900"
"Apple iPhone XR (Black, 256 GB)","₹74,900"
"Apple iPhone XR ((PRODUCT)RED, 256 GB)","₹74,900"
"Apple iPhone SE (Gold, 128 GB)","₹28,490"
