﻿Name,Price
"Moto G7 Power (Ceramic Black, 64 GB)","₹12,999"
"Moto G7 (Black, 64 GB)","₹16,999"
"Moto One (White, 64 GB)","₹13,999"
"Moto One (Black, 64 GB)","₹13,999"
"Moto E5 Plus (Black, 32 GB)","₹7,970"
"Moto E5 Plus (Fine Gold, 32 GB)","₹7,999"
"Moto X Play(With Turbo Charger) (White, 16 GB)","₹17,499"
"Moto G6 Plus (Indigo Black, 64 GB)","₹13,670"
"Moto G (3rd Generation) (White, 16 GB)","₹10,999"
"Moto E5 (Fine Gold, 16 GB)","₹7,990"
"Moto E5 (Grey/Flash Gray, 16 GB)","₹7,199"
"Moto G5s (Lunar Gray, 32 GB)","₹9,899"
"Moto X4 (Super Black, 32 GB)","₹10,999"
"Moto Z with Style Mod (White, 64 GB)","₹39,999"
"Moto X4 (Super Black, 64 GB)","₹10,999"
"Moto G7 (White, 64 GB)","₹16,999"
"Moto G6 Play (Indigo Black, 32 GB)","₹11,999"
"Moto G6 (Indigo Black, 64 GB)","₹15,999"
"Moto G5s (Fine Gold, 32 GB)","₹9,450"
"Moto G (2nd Generation) (Black, 16 GB)","₹8,999"
"Moto G (2nd Generation) (White, 16 GB)","₹8,999"
"Moto M (Grey, 64 GB)","₹16,999"
"Moto M (Gold, 64 GB)","₹16,999"
"Moto Z2 Force (Super Black, 64 GB)","₹22,999"
"Moto X (2nd Generation) (Black, 32 GB)","₹17,999"
"Moto X (2nd Generation) (Black, 16 GB)","₹14,999"
"Moto Turbo (Black, 64 GB)","₹31,999"
"Moto Z with Style Mod (Black, 64 GB)","₹39,999"
"Moto E 4th Gen (Iron Gray, 16 GB)","₹8,499"
"Moto C Plus (Starry Black, 16 GB)","₹7,949"
"Moto X4 (Super Black, 64 GB)","₹11,299"
"Moto G5s (Oxford Blue, 32 GB)","₹9,790"
"Moto M (Silver, 64 GB)","₹13,999"
"Moto Z2 Play (Lunar Gray, 64 GB)","₹14,999"
"Moto C Plus (Pearl White, 16 GB)","₹6,900"
"Moto C Plus (Fine Gold, 16 GB)","₹7,999"
"Moto G6 Play (Fine Gold, 32 GB)","₹9,149"
"Moto G4 Plus (White, 32 GB)","₹10,990"
"Moto Z Play with Style Mod (Black, 32 GB)","₹24,990"
"Moto G6 (Indigo Black, 32 GB)","₹11,000"
"Moto C (Starry Black, 16 GB)","₹7,900"
"Moto C (Pearl White, 16 GB)","₹8,100"
"Motorola One Power (Black, 64 GB)","₹12,999"
"Moto X4 (Sterling Blue, 64 GB)","₹12,999"
"Moto G (3rd Generation) (Black, 8 GB)","₹9,999"
"Moto G (3rd Generation) (Black, 16 GB)","₹10,999"
"Moto G4 (White, 16 GB)","₹6,999"
"Moto X4 (Sterling Blue, 64 GB)","₹10,999"
"Moto Z2 Play (Fine Gold, 64 GB)","₹27,999"
"Moto M (Grey, 32 GB)","₹14,999"
"Moto M (Gold, 32 GB)","₹14,999"
"Moto M (Silver, 32 GB)","₹14,999"
"Moto G5 (Lunar Grey, 16 GB)","₹8,299"
"Moto G4 Plus (White, 16 GB)","₹7,999"
"Moto G (Black, 16 GB)","₹9,999"
"Moto G4 Plus (Black, 16 GB)","₹7,841"
"Moto E (2nd Gen) 3G (White, 8 GB)","₹5,999"
"Moto E (1st Gen) (Black, 4 GB)","₹4,999"
"Moto G5 Plus (Fine Gold, 16 GB)","₹14,999"
"Moto G5 Plus (Fine Gold, 32 GB)","₹16,999"
"Moto G5 Plus (Lunar Grey, 32 GB)","₹16,999"
"Moto G5s Plus (Blush Gold, 64 GB)","₹16,999"
"Moto G5s Plus (Lunar Grey, 64 GB)","₹16,999"
"Moto E4 Plus (Oxford Blue, 32 GB)","₹9,999"
"Moto Z Play with Style Mod (White, 32 GB)","₹15,999"
"Moto G4 (Black, 16 GB)","₹6,399"
"G4 Play (Black, 16 GB)","₹6,990"
XT5 XT502 (100 MB),"₹15,990"
Xoom (Wifi),"₹34,490"
Quench XT3 (100 MB),"₹14,939"
Charm MB502 (Bronze Gold),"₹15,990"
Milestone,"₹32,990"
FlipOut (150 MB),"₹16,990"
"Virat FanBox Moto G Turbo Virat Kohli (Black, 16 GB)","₹16,999"
