﻿Name,Price
Nokia 105 Single Sim 2017,₹999
Nokia 150,"₹1,950"
Nokia Ta -1010/ Nokia 105,"₹1,063"
Nokia 3310 DS,"₹3,310"
Nokia 3310 DS,"₹3,399"
Nokia 130,"₹1,689"
Nokia 130,"₹1,689"
"Nokia 5.1 Plus (Black, 64 GB)","₹14,499"
"Nokia 6.1 Plus (Black, 64 GB)","₹17,427"
"Nokia 6.1 Plus (Blue, 64 GB)","₹17,427"
Nokia 150/150 DS,"₹1,950"
Nokia TA-1010/NOKIA 105,"₹1,051"
"Nokia 1 (Warm Red, 8 GB)","₹4,377"
Nokia 216/216 DS,"₹2,491"
"Nokia 3 (Copper White, 16 GB)","₹7,899"
Nokia 105,"₹1,054"
"Nokia 2.1 (Blue & Silver, 8 GB)","₹5,997"
"Nokia 5 (Silver, 16 GB)","₹10,599"
"Nokia 8.1 (Iron, 128 GB)","₹26,990"
"Nokia 8.1 (Blue, 128 GB)","₹26,990"
Nokia 130,"₹1,650"
"Nokia 2.1 (Blue&Copper, 8 GB)","₹5,599"
"Nokia 3.1 (Black, 32 GB)","₹7,790"
Nokia 8110 4G,"₹4,999"
"Nokia 2.1 (Grey / Silver, 8 GB)","₹6,199"
"Nokia 3.1 Plus (White, 32 GB)","₹8,499"
Nokia 3310 DS,"₹3,243"
Nokia 105 DS,"₹1,299"
"Nokia 8110 (Yellow, 4 GB)","₹6,098"
Nokia 105 Single Sim 2017,"₹1,040"
"Nokia 3.1 (Black, 16 GB)","₹8,395"
"Nokia 3.1 (Blue & copper/Blue, 16 GB)","₹7,700"
Nokia 216,"₹2,499"
"Nokia 3 (Silver White, 16 GB)","₹7,899"
"Nokia 8.1 (Blue, 64 GB)","₹23,490"
"Nokia 5 (Matte Black, 16 GB)","₹12,000"
"Nokia 8.1 (Iron, 64 GB)","₹22,099"
"Nokia 6.1 (White, Iron, 32 GB)","₹13,999"
"Nokia 1 (Dark Blue, 8 GB)","₹4,999"
Nokia 216,"₹2,499"
"Nokia 5.1 Plus (Black, 32 GB)","₹9,999"
"Nokia 5.1 Plus (Blue, 32 GB)","₹9,999"
"Nokia 6.1 Plus (Black, 64 GB)","₹14,999"
"Nokia 6.1 Plus (White, 64 GB)","₹14,999"
"Nokia 6.1 Plus (Blue, 64 GB)","₹14,999"
"Nokia 5.1 Plus (Blue, 64 GB)","₹13,837"
Nokia 106,"₹1,560"
Nokia 3310 DS,"₹3,310"
"Nokia 6.1 (Blue, Gold, 64 GB)","₹10,490"
"Nokia 7.1 (Blue, 64 GB)","₹16,860"
"Nokia 3.1 Plus (Blue, 32 GB)","₹9,214"
"Nokia 6.1 (Black, Copper, 32 GB)","₹8,999"
"Nokia 6.1 (Blue, Gold, 32 GB)","₹8,999"
"Nokia 6.1 (Iron, White, 32 GB)","₹8,999"
"Nokia 8110 (Black, 4 GB)","₹4,997"
"Nokia 8 Sirocco (Black, 128 GB)","₹36,999"
"Nokia 7.1 (Steel, 64 GB)","₹17,899"
"Nokia 6.1 (Blue, Gold, 32 GB)","₹10,900"
"Nokia 3.1 (White, 32 GB)","₹8,377"
"Nokia 6.1 (Black, Copper, 32 GB)","₹13,999"
"Nokia 6.1 (Black, Copper, 64 GB)","₹13,499"
"Nokia 6 (Matte Black, 32 GB)","₹13,499"
"Nokia 3.1 (Blue/Copper, 32 GB)","₹7,790"
"Nokia 3 (Tempered Blue, 16 GB)","₹8,199"
"Nokia 5.1 (Black&Blue, 32 GB)","₹9,564"
"Nokia 3 (Matte Black, 16 GB)","₹8,000"
"Nokia X2 Dual SIM (Bright Orange, 4 GB)","₹8,500"
"Nokia 2 (Pewter/ Black, 8 GB)","₹7,437"
"Nokia XPlus (Bright Green, 4 GB)","₹7,990"
"Nokia 8 (Polished Blue, 64 GB)","₹26,898"
"Nokia 5 (Silver, 16 GB)","₹10,000"
"Nokia 5 (Tempered Blue, 16 GB)","₹11,999"
"Nokia 8 (Tempered Blue, 64 GB)","₹35,996"
"Nokia 8 (Steel, 64 GB)","₹25,898"
